Название компании,Тип компании,Наличие рекламы,Балл компании,Количество оценок
Анатомия улыбки,Сеть стоматологических клиник,Yes,5,1841
Dental Center,Стоматология,Yes,5,318
Риадент,Клиника семейной стоматологии,Yes,5,138
Камил-Дент,Стоматология,Yes,4.9,342
Формула Улыбки,Клиника семейной стоматологии,Yes,4.8,193
Миллидент,Сеть стоматологических клиник,Yes,4.9,345
Призматика,Стоматологическая клиника,Yes,5,394
Мадин,Стоматология,Yes,4.9,330
Стоматология Казань,Стоматологический центр,Yes,5,97
История улыбки,Стоматологический центр,Yes,4.9,93
Dental House,Стоматология,Yes,4.9,275
Понятная Стоматология,Частные стоматологии,Yes,5,174
Азино,Сеть стоматологических клиник,Yes,4.9,67
Дентал Клиник,Стоматология,Yes,4.5,98
Корректива,Частные стоматологии,Yes,5,160
Альбадент,Сеть стоматологических центров для детей и взрослых,Yes,4.4,212
Innostom,Центр имплантации,Yes,4.9,95
Эстетик Дент,Стоматологическая клиника,Yes,5,103
АлДент,Стоматологическая клиника,Yes,5,45
Smart clinic,Стоматология,Yes,4.9,495
СИТИ СТОМ,Частные стоматологии,Yes,4.5,53
ПобедаСтом,Центр стоматологии и имплантологии,Yes,5,43
Городская стоматология,Сеть стоматологических центров,Yes,4.1,380
Белая Стоматология,Стоматологическая клиника,Yes,4.8,282
Дента-Фэмили,Клиника семейной стоматологии,Yes,4.7,64
Радент,Стоматология,Yes,4.1,40
Зубок,Стоматологический центр,Yes,4.8,42
Знакомый доктор,Стоматологическая клиника,Yes,4.4,127
Сириус,Стоматология,Yes,4.9,114
Булгар-Стом,Стоматологическая клиника,Yes,4.9,123
Стоматология №9,Стоматологические центры,Yes,4.3,317
Здоровая Улыбка,Сеть стоматологических клиник,Yes,4.7,51
MaxSmile,Стоматология,Yes,4.7,57
С.О.Ч.И.,Стоматологическая клиника,Yes,4.7,91
FAMILY STOM,Стоматология,Yes,4.6,80
Джаз Дент Клиника,Частные стоматологии,Yes,5,36
Горки-2,Стоматологическая клиника,Yes,4.7,93
Аль Дента,Клиника семейной стоматологии,Yes,4.8,58
МилаДент,Стоматологический центр,Yes,5,151
Стоматолог и Я,Стоматологическая клиника,Yes,3.3,63
Дента Релль,Стоматологическая клиника,Yes,4.9,28
На Муштари,Стоматология,Yes,5,127
DaVinci,Стоматологическая клиника,Yes,4.3,46
Дентис,Стоматологическая клиника,Yes,4.8,23
Эксклюзив-дент,Стоматологическая клиника,Yes,4.6,137
Din dental clinic,Стоматологическая клиника,Yes,5,260
Стоматологическая поликлиника №1,Частные стоматологии,Yes,4.8,117
ЛИНАДЕНТ,Семейная стоматология,Yes,4.9,226
Социальная стоматология,Стоматологический центр,Yes,4.6,109
Камелия-Мед,Семейная стоматология,Yes,4.8,181
ПримаДента,Стоматологическая клиника,Yes,4.6,59
Доктор Юсупов,Частные стоматологии,Yes,5,104
Ситидент,Стоматологическая клиника,Yes,4.9,72
Vittorio dental clinic,Стоматологический центр,Yes,5,115
Улыбнись,Стоматология,Yes,4.5,55
Дентариз,Стоматология,Yes,4.8,301
Империал,Стоматология,Yes,4.8,214
Дент-а-мед,Стоматологическая клиника,Yes,4.5,32
Столичный,Стоматологический центр,Yes,5,60
Твой зубной,Стоматология,Yes,4.2,53
Анатомия улыбки,Сеть стоматологических клиник,Yes,5,1841
Dental Center,Стоматология,Yes,5,318
Риадент,Клиника семейной стоматологии,Yes,5,138
Камил-Дент,Стоматология,Yes,4.9,342
Формула Улыбки,Клиника семейной стоматологии,Yes,4.8,193
Миллидент,Сеть стоматологических клиник,Yes,4.9,345
Призматика,Стоматологическая клиника,Yes,5,394
Мадин,Стоматология,Yes,4.9,330
Стоматология Казань,Стоматологический центр,Yes,5,97
История улыбки,Стоматологический центр,Yes,4.9,93
Dental House,Стоматология,Yes,4.9,275
Понятная Стоматология,Частные стоматологии,Yes,5,174
Анатомия улыбки,Сеть стоматологических клиник,Yes,5,1841
Dental Center,Стоматология,Yes,5,318
Риадент,Клиника семейной стоматологии,Yes,5,138
Камил-Дент,Стоматология,Yes,4.9,342
Формула Улыбки,Клиника семейной стоматологии,Yes,4.8,193
Миллидент,Сеть стоматологических клиник,Yes,4.9,345
Призматика,Стоматологическая клиника,Yes,5,394
Мадин,Стоматология,Yes,4.9,330
Стоматология Казань,Стоматологический центр,Yes,5,97
История улыбки,Стоматологический центр,Yes,4.9,93
Dental House,Стоматология,Yes,4.9,275
Понятная Стоматология,Частные стоматологии,Yes,5,174
Анатомия улыбки,Сеть стоматологических клиник,Yes,5,1841
Dental Center,Стоматология,Yes,5,318
Риадент,Клиника семейной стоматологии,Yes,5,138
Камил-Дент,Стоматология,Yes,4.9,342
Формула Улыбки,Клиника семейной стоматологии,Yes,4.8,193
Миллидент,Сеть стоматологических клиник,Yes,4.9,345
Призматика,Стоматологическая клиника,Yes,5,394
Мадин,Стоматология,Yes,4.9,330
Стоматология Казань,Стоматологический центр,Yes,5,97
История улыбки,Стоматологический центр,Yes,4.9,93
Dental House,Стоматология,Yes,4.9,275
Понятная Стоматология,Частные стоматологии,Yes,5,174
Анатомия улыбки,Сеть стоматологических клиник,Yes,5,1841
Dental Center,Стоматология,Yes,5,318
Риадент,Клиника семейной стоматологии,Yes,5,138
Камил-Дент,Стоматология,Yes,4.9,342
Формула Улыбки,Клиника семейной стоматологии,Yes,4.8,193
Миллидент,Сеть стоматологических клиник,Yes,4.9,345
Призматика,Стоматологическая клиника,Yes,5,394
Мадин,Стоматология,Yes,4.9,330
Стоматология Казань,Стоматологический центр,Yes,5,97
История улыбки,Стоматологический центр,Yes,4.9,93
Dental House,Стоматология,Yes,4.9,275
Понятная Стоматология,Частные стоматологии,Yes,5,174
Анатомия улыбки,Сеть стоматологических клиник,Yes,5,1841
Dental Center,Стоматология,Yes,5,318
Риадент,Клиника семейной стоматологии,Yes,5,138
Камил-Дент,Стоматология,Yes,4.9,342
Формула Улыбки,Клиника семейной стоматологии,Yes,4.8,193
Миллидент,Сеть стоматологических клиник,Yes,4.9,345
Призматика,Стоматологическая клиника,Yes,5,394
Мадин,Стоматология,Yes,4.9,330
Стоматология Казань,Стоматологический центр,Yes,5,97
История улыбки,Стоматологический центр,Yes,4.9,93
Dental House,Стоматология,Yes,4.9,275
Понятная Стоматология,Частные стоматологии,Yes,5,174
Анатомия улыбки,Сеть стоматологических клиник,Yes,5,1841
Dental Center,Стоматология,Yes,5,318
Риадент,Клиника семейной стоматологии,Yes,5,138
Камил-Дент,Стоматология,Yes,4.9,342
Формула Улыбки,Клиника семейной стоматологии,Yes,4.8,193
Миллидент,Сеть стоматологических клиник,Yes,4.9,345
Призматика,Стоматологическая клиника,Yes,5,394
Мадин,Стоматология,Yes,4.9,330
Стоматология Казань,Стоматологический центр,Yes,5,97
История улыбки,Стоматологический центр,Yes,4.9,93
Dental House,Стоматология,Yes,4.9,275
Понятная Стоматология,Частные стоматологии,Yes,5,174
Анатомия улыбки,Сеть стоматологических клиник,Yes,5,1841
Dental Center,Стоматология,Yes,5,318
Риадент,Клиника семейной стоматологии,Yes,5,138
Камил-Дент,Стоматология,Yes,4.9,342
Формула Улыбки,Клиника семейной стоматологии,Yes,4.8,193
Миллидент,Сеть стоматологических клиник,Yes,4.9,345
Призматика,Стоматологическая клиника,Yes,5,394
Мадин,Стоматология,Yes,4.9,330
Стоматология Казань,Стоматологический центр,Yes,5,97
История улыбки,Стоматологический центр,Yes,4.9,93
Dental House,Стоматология,Yes,4.9,275
Понятная Стоматология,Частные стоматологии,Yes,5,174
Анатомия улыбки,Сеть стоматологических клиник,Yes,5,1841
Dental Center,Стоматология,Yes,5,318
Риадент,Клиника семейной стоматологии,Yes,5,138
Камил-Дент,Стоматология,Yes,4.9,342
Формула Улыбки,Клиника семейной стоматологии,Yes,4.8,193
Миллидент,Сеть стоматологических клиник,Yes,4.9,345
Призматика,Стоматологическая клиника,Yes,5,394
Мадин,Стоматология,Yes,4.9,330
Стоматология Казань,Стоматологический центр,Yes,5,97
История улыбки,Стоматологический центр,Yes,4.9,93
Dental House,Стоматология,Yes,4.9,275
Понятная Стоматология,Частные стоматологии,Yes,5,174
Анатомия улыбки,Сеть стоматологических клиник,Yes,5,1841
Dental Center,Стоматология,Yes,5,318
Риадент,Клиника семейной стоматологии,Yes,5,138
Камил-Дент,Стоматология,Yes,4.9,342
Формула Улыбки,Клиника семейной стоматологии,Yes,4.8,193
Миллидент,Сеть стоматологических клиник,Yes,4.9,345
Призматика,Стоматологическая клиника,Yes,5,394
Мадин,Стоматология,Yes,4.9,330
Стоматология Казань,Стоматологический центр,Yes,5,97
История улыбки,Стоматологический центр,Yes,4.9,93
Dental House,Стоматология,Yes,4.9,275
Понятная Стоматология,Частные стоматологии,Yes,5,174
Анатомия улыбки,Сеть стоматологических клиник,Yes,5,1841
Dental Center,Стоматология,Yes,5,318
Риадент,Клиника семейной стоматологии,Yes,5,138
Камил-Дент,Стоматология,Yes,4.9,342
Формула Улыбки,Клиника семейной стоматологии,Yes,4.8,193
Миллидент,Сеть стоматологических клиник,Yes,4.9,345
Призматика,Стоматологическая клиника,Yes,5,394
Мадин,Стоматология,Yes,4.9,330
Стоматология Казань,Стоматологический центр,Yes,5,97
История улыбки,Стоматологический центр,Yes,4.9,93
Dental House,Стоматология,Yes,4.9,275
Понятная Стоматология,Частные стоматологии,Yes,5,174
